BDM,RSM,RSM_Original,TSO,Category,Flavours,Target,Achievement,Sales_2025,Value
ISLAM ABAD-RAWALPINDI,RSM 1,REAL FROOT RANGE,ISLAMABAD (REAL FROOT RANGE),CHEETAH CAN 250 ML,,250,0,0,0.0
ISLAM ABAD-RAWALPINDI,RSM 1,REAL FROOT RANGE,ISLAMABAD (REAL FROOT RANGE),HOPE WATER 1500 ML,,1025,0,358,0.0
ISLAM ABAD-RAWALPINDI,RSM 1,REAL FROOT RANGE,ISLAMABAD (REAL FROOT RANGE),HOPE WATER 500 ML,,725,0,357,0.0
ISLAM ABAD-RAWALPINDI,RSM 1,REAL FROOT RANGE,ISLAMABAD (REAL FROOT RANGE),MAAZA PET 1000 ML,,625,0,0,0.0
ISLAM ABAD-RAWALPINDI,RSM 1,REAL FROOT RANGE,ISLAMABAD (REAL FROOT RANGE),MAAZA PET 250 ML,,625,0,0,0.0
ISLAM ABAD-RAWALPINDI,RSM 1,REAL FROOT RANGE,ISLAMABAD (REAL FROOT RANGE),MAAZA PET 500 ML,,125,0,0,0.0
ISLAM ABAD-RAWALPINDI,RSM 1,REAL FROOT RANGE,ISLAMABAD (REAL FROOT RANGE),MAZA 200 ML,,300,110,300,77110.0
ISLAM ABAD-RAWALPINDI,RSM 1,REAL FROOT RANGE,ISLAMABAD (REAL FROOT RANGE),MAZA 250 ML,,0,100,0,60200.0
ISLAM ABAD-RAWALPINDI,RSM 1,REAL FROOT RANGE,ISLAMABAD (REAL FROOT RANGE),MAZA ANAAR 200 ML,,50,0,50,0.0
ISLAM ABAD-RAWALPINDI,RSM 1,REAL FROOT RANGE,ISLAMABAD (REAL FROOT RANGE),MAZA FIZZY CAN 250 ML,,50,50,10,67098.0
ISLAM ABAD-RAWALPINDI,RSM 1,REAL FROOT RANGE,ISLAMABAD (REAL FROOT RANGE),MAZA PRISMA 1000 ML,,1300,711,150,924279.55
ISLAM ABAD-RAWALPINDI,RSM 1,REAL FROOT RANGE,ISLAMABAD (REAL FROOT RANGE),MAZA PRISMA ANAAR 1000 ML,,50,70,0,90420.0
ISLAM ABAD-RAWALPINDI,RSM 1,REAL FROOT RANGE,ISLAMABAD (REAL FROOT RANGE),NECTAR LITER PRISMA,,0,1039,0,1246800.0
ISLAM ABAD-RAWALPINDI,RSM 1,REAL FROOT RANGE,ISLAMABAD (REAL FROOT RANGE),PFD NRGB 250 ML,,200,156,160,100620.0
ISLAM ABAD-RAWALPINDI,RSM 1,REAL FROOT RANGE,ISLAMABAD (REAL FROOT RANGE),POPULAR 250 ML,,5175,150,850,100500.0
ISLAM ABAD-RAWALPINDI,RSM 1,REAL FROOT RANGE,ISLAMABAD (REAL FROOT RANGE),REAL FROOT 1000 ML PRISMA,,6099,3152,4990,4050782.6
ISLAM ABAD-RAWALPINDI,RSM 1,REAL FROOT RANGE,ISLAMABAD (REAL FROOT RANGE),REAL FROOT 200 ML,,2001,1261,1163,875426.0
ISLAM ABAD-RAWALPINDI,RSM 1,REAL FROOT RANGE,ISLAMABAD (REAL FROOT RANGE),REAL FROOT NRGB 250 ML,,3075,934,1970,610530.0
ISLAM ABAD-RAWALPINDI,RSM 1,REAL FROOT RANGE,ISLAMABAD (REAL FROOT RANGE),REAL FROOT RED ANAAR 1000 ML,,525,432,500,558703.6
ISLAM ABAD-RAWALPINDI,RSM 1,REAL FROOT RANGE,ISLAMABAD (REAL FROOT RANGE),REAL FROOT RED ANAAR 200 ML,,275,185,207,128172.5
ISLAM ABAD-RAWALPINDI,RSM 1,REAL FROOT RANGE,ISLAMABAD (REAL FROOT RANGE),REAL FROOT RED GRAPES 1000 ML,,275,230,260,294215.0
ISLAM ABAD-RAWALPINDI,RSM 1,REAL FROOT RANGE,ISLAMABAD (REAL FROOT RANGE),REAL FROOT RED GRAPES 200 ML,,150,95,60,66295.0
ISLAM ABAD-RAWALPINDI,RSM 1,REAL FROOT RANGE,ISLAMABAD (REAL FROOT RANGE),,,22900,8675,11385,9251152.0
ISLAM ABAD-RAWALPINDI,RSM 1,REAL FROOT RANGE,ISLAMABAD R F RANGE CITY,CHEETAH CAN 250 ML,,250,0,0,0.0
ISLAM ABAD-RAWALPINDI,RSM 1,REAL FROOT RANGE,ISLAMABAD R F RANGE CITY,FINISH GOODS,,0,275,0,359583.0
ISLAM ABAD-RAWALPINDI,RSM 1,REAL FROOT RANGE,ISLAMABAD R F RANGE CITY,HOPE WATER 1500 ML,,25,100,650,30599.56
ISLAM ABAD-RAWALPINDI,RSM 1,REAL FROOT RANGE,ISLAMABAD R F RANGE CITY,HOPE WATER 500 ML,,0,200,350,67599.12
ISLAM ABAD-RAWALPINDI,RSM 1,REAL FROOT RANGE,ISLAMABAD R F RANGE CITY,MAAZA PET 1000 ML,,625,0,0,0.0
ISLAM ABAD-RAWALPINDI,RSM 1,REAL FROOT RANGE,ISLAMABAD R F RANGE CITY,MAAZA PET 250 ML,,625,0,0,0.0
ISLAM ABAD-RAWALPINDI,RSM 1,REAL FROOT RANGE,ISLAMABAD R F RANGE CITY,MAAZA PET 500 ML,,125,0,0,0.0
ISLAM ABAD-RAWALPINDI,RSM 1,REAL FROOT RANGE,ISLAMABAD R F RANGE CITY,MAZA 250 ML,,0,1585,375,1068110.0
ISLAM ABAD-RAWALPINDI,RSM 1,REAL FROOT RANGE,ISLAMABAD R F RANGE CITY,MAZA ANAAR 250 ML,,0,600,0,406000.0
ISLAM ABAD-RAWALPINDI,RSM 1,REAL FROOT RANGE,ISLAMABAD R F RANGE CITY,MAZA GUAVA 250 ML,,0,20,0,13720.0
ISLAM ABAD-RAWALPINDI,RSM 1,REAL FROOT RANGE,ISLAMABAD R F RANGE CITY,MAZA PRISMA 1000 ML,,0,295,1150,389124.1
ISLAM ABAD-RAWALPINDI,RSM 1,REAL FROOT RANGE,ISLAMABAD R F RANGE CITY,MAZA PRISMA ANAAR 1000 ML,,0,0,50,0.0
ISLAM ABAD-RAWALPINDI,RSM 1,REAL FROOT RANGE,ISLAMABAD R F RANGE CITY,PFD NRGB 250 ML,,0,150,0,104703.0
ISLAM ABAD-RAWALPINDI,RSM 1,REAL FROOT RANGE,ISLAMABAD R F RANGE CITY,POPULAR 250 ML,,750,0,1075,0.0
ISLAM ABAD-RAWALPINDI,RSM 1,REAL FROOT RANGE,ISLAMABAD R F RANGE CITY,REAL FROOT 1000 ML PRISMA,,450,2248,0,2843125.2
ISLAM ABAD-RAWALPINDI,RSM 1,REAL FROOT RANGE,ISLAMABAD R F RANGE CITY,REAL FROOT 200 ML,,300,1262,0,873129.25
ISLAM ABAD-RAWALPINDI,RSM 1,REAL FROOT RANGE,ISLAMABAD R F RANGE CITY,REAL FROOT NRGB 250 ML,,900,3560,0,2419787.5
ISLAM ABAD-RAWALPINDI,RSM 1,REAL FROOT RANGE,ISLAMABAD R F RANGE CITY,REAL FROOT RED ANAAR 1000 ML,,100,250,0,305862.5
ISLAM ABAD-RAWALPINDI,RSM 1,REAL FROOT RANGE,ISLAMABAD R F RANGE CITY,REAL FROOT RED ANAAR 200 ML,,200,310,0,214895.0
ISLAM ABAD-RAWALPINDI,RSM 1,REAL FROOT RANGE,ISLAMABAD R F RANGE CITY,REAL FROOT RED GRAPES 1000 ML,,0,235,0,303500.25
ISLAM ABAD-RAWALPINDI,RSM 1,REAL FROOT RANGE,ISLAMABAD R F RANGE CITY,REAL FROOT RED GRAPES 200 ML,,0,80,0,54872.5
ISLAM ABAD-RAWALPINDI,RSM 1,REAL FROOT RANGE,ISLAMABAD R F RANGE CITY,,,4350,11170,3650,9454610.98
ISLAM ABAD-RAWALPINDI,RSM 1,REAL FROOT RANGE,RAWALPINDI RF RANGE,CHEETAH CAN 250 ML,,250,0,0,0.0
ISLAM ABAD-RAWALPINDI,RSM 1,REAL FROOT RANGE,RAWALPINDI RF RANGE,HOPE WATER 1500 ML,,850,1350,850,354675.56
ISLAM ABAD-RAWALPINDI,RSM 1,REAL FROOT RANGE,RAWALPINDI RF RANGE,HOPE WATER 500 ML,,575,200,505,59649.78
ISLAM ABAD-RAWALPINDI,RSM 1,REAL FROOT RANGE,RAWALPINDI RF RANGE,HOPE WATER 6 LITER,,0,502,0,190886.44
ISLAM ABAD-RAWALPINDI,RSM 1,REAL FROOT RANGE,RAWALPINDI RF RANGE,KOOL 250 ML,,0,1500,0,1005000.0
ISLAM ABAD-RAWALPINDI,RSM 1,REAL FROOT RANGE,RAWALPINDI RF RANGE,MAAZA PET 1000 ML,,600,410,0,347680.0
ISLAM ABAD-RAWALPINDI,RSM 1,REAL FROOT RANGE,RAWALPINDI RF RANGE,MAAZA PET 250 ML,,600,200,0,100000.0
ISLAM ABAD-RAWALPINDI,RSM 1,REAL FROOT RANGE,RAWALPINDI RF RANGE,MAAZA PET 500 ML,,0,440,0,330000.0
ISLAM ABAD-RAWALPINDI,RSM 1,REAL FROOT RANGE,RAWALPINDI RF RANGE,MAZA 250 ML,,0,1000,0,670000.0
ISLAM ABAD-RAWALPINDI,RSM 1,REAL FROOT RANGE,RAWALPINDI RF RANGE,MAZA FIZZY CAN 250 ML,,50,0,10,0.0
ISLAM ABAD-RAWALPINDI,RSM 1,REAL FROOT RANGE,RAWALPINDI RF RANGE,MAZA PRISMA 1000 ML,,0,92,0,116932.0
ISLAM ABAD-RAWALPINDI,RSM 1,REAL FROOT RANGE,RAWALPINDI RF RANGE,POP CSD 1000 ML,,0,250,0,133750.0
ISLAM ABAD-RAWALPINDI,RSM 1,REAL FROOT RANGE,RAWALPINDI RF RANGE,POP CSD 1500 ML,,0,300,0,186000.0
ISLAM ABAD-RAWALPINDI,RSM 1,REAL FROOT RANGE,RAWALPINDI RF RANGE,POP CSD 300 ML,,0,1350,0,645000.04
ISLAM ABAD-RAWALPINDI,RSM 1,REAL FROOT RANGE,RAWALPINDI RF RANGE,POPULAR 250 ML,,2575,500,620,335000.0
ISLAM ABAD-RAWALPINDI,RSM 1,REAL FROOT RANGE,RAWALPINDI RF RANGE,REAL FROOT 1000 ML PRISMA,,6426,3380,4734,4329451.75
ISLAM ABAD-RAWALPINDI,RSM 1,REAL FROOT RANGE,RAWALPINDI RF RANGE,REAL FROOT 200 ML,,8798,3583,7336,2473735.25
ISLAM ABAD-RAWALPINDI,RSM 1,REAL FROOT RANGE,RAWALPINDI RF RANGE,REAL FROOT NRGB 250 ML,,7449,2800,4980,1884850.0
ISLAM ABAD-RAWALPINDI,RSM 1,REAL FROOT RANGE,RAWALPINDI RF RANGE,REAL FROOT RED ANAAR 1000 ML,,1200,858,895,1108558.55
ISLAM ABAD-RAWALPINDI,RSM 1,REAL FROOT RANGE,RAWALPINDI RF RANGE,REAL FROOT RED ANAAR 200 ML,,1700,771,1400,536256.0
ISLAM ABAD-RAWALPINDI,RSM 1,REAL FROOT RANGE,RAWALPINDI RF RANGE,REAL FROOT RED GRAPES 1000 ML,,350,396,275,507874.25
ISLAM ABAD-RAWALPINDI,RSM 1,REAL FROOT RANGE,RAWALPINDI RF RANGE,REAL FROOT RED GRAPES 200 ML,,350,435,245,300427.5
ISLAM ABAD-RAWALPINDI,RSM 1,REAL FROOT RANGE,RAWALPINDI RF RANGE,nan,,31773,20317,21850,15615727.0
